[
  {
    "dateFrom": 1651593688000,
    "dateTo": 1651838488000,
    "eventName": "Event 0",
    "id": 0
  },
  {
    "dateFrom": 1654705888000,
    "dateTo": 1655051488000,
    "eventName": "Long event name 1",
    "id": 1
  },
  {
    "dateFrom": 1654709488000,
    "dateTo": 1654968688000,
    "eventName": "Event 2",
    "id": 2
  },
  {
    "dateFrom": 1651667488000,
    "dateTo": 1652027488000,
    "eventName": "Event 3",
    "id": 3
  },
  {
    "dateFrom": 1651752000000,
    "dateTo": 1651759200000,
    "eventName": "Event 4",
    "id": 4
  },
  {
    "dateFrom": 1652269500000,
    "dateTo": 1652270400000,
    "eventName": "Event 5",
    "id": 5
  },
  {
    "dateFrom": 1649757688000,
    "dateTo": 1656064888000,
    "eventName": "Event 6",
    "id": 6
  },
  {
    "dateFrom": 1651399200000,
    "dateTo": 1652092200000,
    "eventName": "Event 7",
    "id": 7
  },
  {
    "dateFrom": 1651755600000,
    "dateTo": 1651761000000,
    "eventName": "Event 8",
    "id": 8
  },
  {
    "dateFrom": 1652092200000,
    "dateTo": 1652099400000,
    "eventName": "Event 9",
    "id": 9
  }
]
